a,p,q,f,l,T,m,M
660014240,74.19000000,0.41400000,1987474498,1987474498,1782068433345,False,True
660014241,74.19000000,0.75500000,1987474499,1987474499,1782068434214,False,True
660014242,74.19000000,73.41300000,1987474500,1987474517,1782068435232,False,True
660014243,74.19000000,23.36700000,1987474518,1987474518,1782068437730,False,True
660014244,74.18000000,2.01700000,1987474519,1987474519,1782068437916,True,True
660014245,74.19000000,0.84900000,1987474520,1987474520,1782068438368,False,True
660014246,74.19000000,4.64200000,1987474521,1987474537,1782068439096,False,True
660014247,74.20000000,2.98100000,1987474538,1987474558,1782068439154,False,True
660014248,74.21000000,0.17500000,1987474559,1987474559,1782068440138,False,True
660014249,74.21000000,1.01000000,1987474560,1987474570,1782068441953,False,True
660014250,74.21000000,24.17700000,1987474571,1987474586,1782068443633,False,True
660014251,74.21000000,1.00000000,1987474587,1987474600,1782068443661,False,True
660014252,74.21000000,1.66800000,1987474601,1987474620,1782068446921,True,True
660014253,74.21000000,2.72100000,1987474621,1987474621,1782068448569,False,True
660014254,74.21000000,2.69500000,1987474622,1987474622,1782068450486,False,True
660014255,74.21000000,11.18400000,1987474623,1987474636,1782068450854,False,True
660014256,74.21000000,0.40300000,1987474637,1987474637,1782068450855,False,True
660014257,74.21000000,0.36000000,1987474638,1987474642,1782068450857,False,True
660014258,74.21000000,0.34000000,1987474643,1987474647,1782068450857,False,True
660014259,74.21000000,14.35000000,1987474648,1987474661,1782068450859,False,True
660014260,74.22000000,100.21800000,1987474662,1987474684,1782068452769,False,True
660014261,74.21000000,0.09600000,1987474685,1987474685,1782068454919,True,True
660014262,74.22000000,0.23700000,1987474686,1987474686,1782068454920,False,True
660014263,74.21000000,0.54900000,1987474687,1987474687,1782068456646,True,True
660014264,74.21000000,0.08100000,1987474688,1987474688,1782068456847,True,True
660014265,74.22000000,2.00000000,1987474689,1987474698,1782068458538,False,True
660014266,74.21000000,0.35000000,1987474699,1987474699,1782068458639,True,True
660014267,74.21000000,12.79900000,1987474700,1987474701,1782068458659,True,True
660014268,74.21000000,17.68500000,1987474702,1987474703,1782068458659,True,True
660014269,74.21000000,2.92600000,1987474704,1987474704,1782068458660,True,True
660014270,74.21000000,9.64400000,1987474705,1987474705,1782068458660,True,True
660014271,74.21000000,10.16000000,1987474706,1987474706,1782068458661,True,True
660014272,74.21000000,6.66600000,1987474707,1987474708,1782068458661,True,True
660014273,74.21000000,3.61500000,1987474709,1987474709,1782068458662,True,True
660014274,74.21000000,1.63100000,1987474710,1987474710,1782068458662,True,True
660014275,74.21000000,17.21400000,1987474711,1987474711,1782068458663,True,True
660014276,74.21000000,9.23100000,1987474712,1987474725,1782068458663,True,True
660014277,74.21000000,1.88400000,1987474726,1987474728,1782068458663,True,True
660014278,74.21000000,2.93700000,1987474729,1987474729,1782068458664,True,True
660014279,74.21000000,4.78000000,1987474730,1987474730,1782068458664,True,True
660014280,74.21000000,5.65300000,1987474731,1987474731,1782068458665,True,True
660014281,74.21000000,3.32400000,1987474732,1987474732,1782068458665,True,True
660014282,74.21000000,2.48900000,1987474733,1987474733,1782068458665,True,True
660014283,74.21000000,10.24200000,1987474734,1987474734,1782068458666,True,True
660014284,74.21000000,1.63700000,1987474735,1987474735,1782068458666,True,True
660014285,74.21000000,3.17300000,1987474736,1987474736,1782068458667,True,True
660014286,74.21000000,9.27900000,1987474737,1987474737,1782068458667,True,True
660014287,74.21000000,19.25900000,1987474738,1987474757,1782068460857,True,True
660014288,74.20000000,1.48800000,1987474758,1987474775,1782068460871,True,True
660014289,74.19000000,1.46400000,1987474776,1987474778,1782068460916,True,True
660014290,74.20000000,0.12500000,1987474779,1987474780,1782068461380,False,True
660014291,74.20000000,15.05400000,1987474781,1987474800,1782068463050,False,True
660014292,74.21000000,0.07500000,1987474801,1987474801,1782068465261,False,True
660014293,74.21000000,2.63400000,1987474802,1987474819,1782068465569,False,True
660014294,74.21000000,2.10000000,1987474820,1987474820,1782068465572,False,True
660014295,74.21000000,3.97800000,1987474821,1987474821,1782068465572,False,True
660014296,74.21000000,0.36100000,1987474822,1987474822,1782068465573,False,True
660014297,74.21000000,0.49300000,1987474823,1987474823,1782068465575,False,True
660014298,74.21000000,0.46400000,1987474824,1987474824,1782068465576,False,True
660014299,74.21000000,6.45100000,1987474825,1987474839,1782068465578,False,True
660014300,74.21000000,0.35700000,1987474840,1987474844,1782068465579,False,True
660014301,74.22000000,15.58000000,1987474845,1987474866,1782068466421,False,True
660014302,74.23000000,1.76400000,1987474867,1987474869,1782068467887,False,True
660014303,74.22000000,33.02700000,1987474870,1987474870,1782068468262,True,True
660014304,74.23000000,15.32200000,1987474871,1987474892,1782068472846,False,True
660014305,74.23000000,5.95700000,1987474893,1987474893,1782068475960,True,True
660014306,74.24000000,17.38500000,1987474894,1987474898,1782068479583,False,True
660014307,74.24000000,4.28500000,1987474899,1987474899,1782068480395,False,True
660014308,74.24000000,1.56400000,1987474900,1987474917,1782068482671,False,True
660014309,74.25000000,22.29500000,1987474918,1987474927,1782068482699,False,True
660014310,74.25000000,5.71800000,1987474928,1987474928,1782068482804,False,True
660014311,74.25000000,0.77200000,1987474929,1987474929,1782068484599,False,True
660014312,74.24000000,2.58800000,1987474930,1987474930,1782068485062,True,True
660014313,74.25000000,7.64800000,1987474931,1987474936,1782068486940,False,True
660014314,74.25000000,0.22400000,1987474937,1987474937,1782068487121,False,True
660014315,74.25000000,5.87300000,1987474938,1987474954,1782068488003,False,True
660014316,74.25000000,0.45400000,1987474955,1987474960,1782068488004,False,True
660014317,74.26000000,17.10100000,1987474961,1987474982,1782068489786,False,True
660014318,74.27000000,10.59700000,1987474983,1987474993,1782068489857,False,True
660014319,74.27000000,0.64300000,1987474994,1987475002,1782068489860,False,True
660014320,74.27000000,0.35600000,1987475003,1987475007,1782068489860,False,True
660014321,74.28000000,1.63200000,1987475008,1987475008,1782068489935,False,True
660014322,74.27000000,0.21500000,1987475009,1987475009,1782068491586,True,True
660014323,74.27000000,41.48300000,1987475010,1987475011,1782068493212,True,True
660014324,74.27000000,315.38000000,1987475012,1987475030,1782068493214,True,True
660014325,74.27000000,0.14000000,1987475031,1987475031,1782068493218,True,True
660014326,74.27000000,0.35900000,1987475032,1987475032,1782068493218,True,True
660014327,74.27000000,33.44800000,1987475033,1987475047,1782068493220,True,True
660014328,74.26000000,2.22400000,1987475048,1987475068,1782068493227,True,True
660014329,74.25000000,215.45700000,1987475069,1987475092,1782068493264,True,True
660014330,74.25000000,81.80700000,1987475093,1987475101,1782068493267,True,True
660014331,74.25000000,0.14600000,1987475102,1987475104,1782068493268,True,True
660014332,74.25000000,62.14600000,1987475105,1987475114,1782068493271,True,True
660014333,74.25000000,0.14400000,1987475115,1987475115,1782068493272,True,True
660014334,74.25000000,0.21900000,1987475116,1987475119,1782068493272,True,True
660014335,74.25000000,0.13600000,1987475120,1987475121,1782068493274,True,True
660014336,74.25000000,0.14100000,1987475122,1987475123,1782068493274,True,True
660014337,74.25000000,61.19600000,1987475124,1987475135,1782068493275,True,True
660014338,74.25000000,0.28400000,1987475136,1987475136,1782068493279,True,True
660014339,74.25000000,0.28400000,1987475137,1987475137,1782068493279,True,True
660014340,74.25000000,0.14400000,1987475138,1987475140,1782068493279,True,True
660014341,74.25000000,0.14600000,1987475141,1987475143,1782068493283,True,True
660014342,74.25000000,0.14300000,1987475144,1987475146,1782068493287,True,True
660014343,74.25000000,1.00600000,1987475147,1987475161,1782068493296,True,True
660014344,74.25000000,4.75600000,1987475162,1987475162,1782068494097,False,True
660014345,74.25000000,5.32000000,1987475163,1987475177,1782068496590,False,True
660014346,74.25000000,15.17200000,1987475178,1987475194,1782068496593,False,True
660014347,74.25000000,4.00000000,1987475195,1987475195,1782068496887,True,True
660014348,74.25000000,14.76000000,1987475196,1987475213,1782068497721,True,True
660014349,74.24000000,39.22600000,1987475214,1987475233,1782068498157,True,True
660014350,74.24000000,0.43200000,1987475234,1987475239,1782068498159,True,True
660014351,74.23000000,2.17500000,1987475240,1987475261,1782068498296,True,True
660014352,74.23000000,2.00000000,1987475262,1987475262,1782068500771,False,True
660014353,74.23000000,0.48800000,1987475263,1987475263,1782068502413,False,True
660014354,74.22000000,0.52400000,1987475264,1987475264,1782068502961,True,True
660014355,74.22000000,7.00900000,1987475265,1987475287,1782068504221,True,True
660014356,74.21000000,0.14600000,1987475288,1987475289,1782068506547,True,True
660014357,74.22000000,25.89900000,1987475290,1987475290,1782068507828,False,True
660014358,74.22000000,0.08800000,1987475291,1987475291,1782068509388,False,True
660014359,74.22000000,253.18000000,1987475292,1987475298,1782068509388,False,True
660014360,74.22000000,26.77400000,1987475299,1987475320,1782068509399,False,True
660014361,74.23000000,1.00000000,1987475321,1987475322,1782068509413,False,True
660014362,74.23000000,53.54700000,1987475323,1987475335,1782068509437,False,True
660014363,74.23000000,3.41500000,1987475336,1987475349,1782068509547,False,True
660014364,74.23000000,4.14000000,1987475350,1987475350,1782068509575,False,True
660014365,74.23000000,4.50000000,1987475351,1987475351,1782068509671,False,True
660014366,74.23000000,1.56100000,1987475352,1987475369,1782068509846,False,True
660014367,74.24000000,23.57300000,1987475370,1987475370,1782068509953,False,True
660014368,74.24000000,9.11500000,1987475371,1987475371,1782068509955,False,True
660014369,74.24000000,2.17800000,1987475372,1987475393,1782068510121,False,True
660014370,74.25000000,1.89900000,1987475394,1987475394,1782068510278,False,True
660014371,74.25000000,3.41600000,1987475395,1987475395,1782068510475,False,True
660014372,74.25000000,11.09100000,1987475396,1987475409,1782068512398,False,True
660014373,74.25000000,29.19400000,1987475410,1987475419,1782068512400,False,True
660014374,74.25000000,25.56600000,1987475420,1987475420,1782068512400,False,True
660014375,74.25000000,4.66700000,1987475421,1987475431,1782068512409,False,True
660014376,74.26000000,0.19800000,1987475432,1987475434,1782068512443,False,True
660014377,74.26000000,15.41200000,1987475435,1987475456,1782068512446,False,True
660014378,74.27000000,1.92300000,1987475457,1987475478,1782068513081,False,True
660014379,74.28000000,0.01700000,1987475479,1987475479,1782068513081,False,True
660014380,74.28000000,19.43800000,1987475480,1987475501,1782068513264,False,True
660014381,74.28000000,1.41300000,1987475502,1987475502,1782068513267,False,True
660014382,74.28000000,21.81800000,1987475503,1987475517,1782068513268,False,True
660014383,74.28000000,0.52800000,1987475518,1987475518,1782068513268,False,True
660014384,74.28000000,0.93000000,1987475519,1987475531,1782068513273,False,True
660014385,74.28000000,0.28300000,1987475532,1987475535,1782068513274,False,True
660014386,74.28000000,0.12900000,1987475536,1987475536,1782068514019,True,True
660014387,74.28000000,0.40300000,1987475537,1987475537,1782068514074,True,True
660014388,74.29000000,14.02000000,1987475538,1987475544,1782068514409,False,True
660014389,74.28000000,0.13400000,1987475545,1987475545,1782068515560,True,True
660014390,74.28000000,0.26900000,1987475546,1987475546,1782068515711,True,True
660014391,74.28000000,18.03000000,1987475547,1987475547,1782068515764,True,True
660014392,74.28000000,4.95600000,1987475548,1987475565,1782068515766,True,True
660014393,74.27000000,4.93600000,1987475566,1987475585,1782068515821,True,True
660014394,74.26000000,5.03900000,1987475586,1987475607,1782068516746,True,True
660014395,74.26000000,1.48700000,1987475608,1987475624,1782068517096,False,True
660014396,74.27000000,0.08400000,1987475625,1987475626,1782068517596,False,True
660014397,74.26000000,5.87200000,1987475627,1987475627,1782068518397,True,True
660014398,74.26000000,2.00300000,1987475628,1987475628,1782068518523,True,True
660014399,74.27000000,0.36900000,1987475629,1987475633,1782068518956,False,True
660014400,74.27000000,6.16700000,1987475634,1987475636,1782068518957,False,True
660014401,74.27000000,11.71800000,1987475637,1987475653,1782068518958,False,True
660014402,74.28000000,14.64100000,1987475654,1987475671,1782068519013,False,True
660014403,74.28000000,0.54000000,1987475672,1987475678,1782068519015,False,True
660014404,74.28000000,0.52300000,1987475679,1987475686,1782068519015,False,True
660014405,74.29000000,2.40500000,1987475687,1987475687,1782068519116,False,True
660014406,74.28000000,0.09600000,1987475688,1987475688,1782068520052,True,True
660014407,74.29000000,6.73000000,1987475689,1987475706,1782068520831,False,True
660014408,74.29000000,14.87100000,1987475707,1987475723,1782068521610,False,True
660014409,74.30000000,15.12700000,1987475724,1987475743,1782068521647,False,True
660014410,74.30000000,0.21500000,1987475744,1987475746,1782068521649,False,True
660014411,74.31000000,26.40100000,1987475747,1987475767,1782068521718,False,True
660014412,74.31000000,0.21500000,1987475768,1987475770,1782068521719,False,True
660014413,74.31000000,0.24900000,1987475771,1987475771,1782068521820,True,True
660014414,74.31000000,0.26200000,1987475772,1987475772,1782068521820,True,True
660014415,74.31000000,0.38000000,1987475773,1987475773,1782068521821,True,True
660014416,74.32000000,0.81200000,1987475774,1987475775,1782068521828,False,True
660014417,74.31000000,0.93500000,1987475776,1987475776,1782068521920,True,True
660014418,74.32000000,2.07700000,1987475777,1987475777,1782068522049,False,True
660014419,74.31000000,4.73800000,1987475778,1987475794,1782068523921,True,True
660014420,74.30000000,4.91600000,1987475795,1987475813,1782068524046,True,True
660014421,74.30000000,2.69700000,1987475814,1987475814,1782068524220,False,True
660014422,74.30000000,136.27900000,1987475815,1987475836,1782068524223,False,True
660014423,74.31000000,6.86000000,1987475837,1987475841,1782068524223,False,True
660014424,74.31000000,4.00000000,1987475842,1987475842,1782068524223,False,True
660014425,74.31000000,8.00000000,1987475843,1987475843,1782068524223,False,True
660014426,74.31000000,1.46400000,1987475844,1987475844,1782068524331,False,True
660014427,74.31000000,14.64100000,1987475845,1987475845,1782068524338,False,True
660014428,74.31000000,0.10100000,1987475846,1987475846,1782068524449,False,True
660014429,74.31000000,0.08800000,1987475847,1987475847,1782068524471,False,True
660014430,74.31000000,0.13400000,1987475848,1987475848,1782068524492,False,True
660014431,74.31000000,75.81000000,1987475849,1987475849,1782068524505,False,True
660014432,74.31000000,20.54000000,1987475850,1987475850,1782068524505,False,True
660014433,74.31000000,83.94200000,1987475851,1987475869,1782068524505,False,True
660014434,74.31000000,0.78200000,1987475870,1987475880,1782068524507,False,True
660014435,74.32000000,14.25800000,1987475881,1987475881,1782068524759,False,True
660014436,74.31000000,0.58400000,1987475882,1987475882,1782068526281,True,True
660014437,74.32000000,1.43100000,1987475883,1987475901,1782068526521,False,True
660014438,74.33000000,6.33800000,1987475902,1987475907,1782068527529,False,True
660014439,74.33000000,0.47100000,1987475908,1987475908,1782068527532,False,True
660014440,74.33000000,5.55100000,1987475909,1987475909,1782068527532,False,True
660014441,74.33000000,0.40900000,1987475910,1987475910,1782068527533,False,True
660014442,74.33000000,0.52700000,1987475911,1987475911,1782068527535,False,True
660014443,74.33000000,2.25900000,1987475912,1987475912,1782068527536,False,True
660014444,74.33000000,3.79100000,1987475913,1987475913,1782068527537,False,True
660014445,74.33000000,0.46600000,1987475914,1987475914,1782068527539,False,True
660014446,74.33000000,0.46000000,1987475915,1987475915,1782068527540,False,True
660014447,74.33000000,0.60300000,1987475916,1987475916,1782068527542,False,True
660014448,74.33000000,33.59100000,1987475917,1987475932,1782068527979,False,True
660014449,74.33000000,0.35700000,1987475933,1987475937,1782068527980,False,True
660014450,74.34000000,16.48900000,1987475938,1987475963,1782068528068,False,True
660014451,74.35000000,2.43100000,1987475964,1987475966,1782068528270,False,True
660014452,74.35000000,5.54000000,1987475967,1987475967,1782068528271,False,True
660014453,74.35000000,6.31600000,1987475968,1987475983,1782068528273,False,True
660014454,74.35000000,0.57300000,1987475984,1987475992,1782068528276,False,True
660014455,74.35000000,0.49600000,1987475993,1987475999,1782068528276,False,True
660014456,74.35000000,0.07900000,1987476000,1987476000,1782068530107,True,True
660014457,74.36000000,0.06700000,1987476001,1987476001,1782068530436,False,True
660014458,74.36000000,15.00000000,1987476002,1987476016,1782068530799,False,True
660014459,74.36000000,2.69700000,1987476017,1987476017,1782068531120,False,True
660014460,74.36000000,0.08800000,1987476018,1987476018,1782068531387,False,True
660014461,74.36000000,23.89100000,1987476019,1987476026,1782068531415,False,True
660014462,74.36000000,99.08000000,1987476027,1987476028,1782068531415,False,True
660014463,74.36000000,108.68300000,1987476029,1987476030,1782068531416,False,True
660014464,74.36000000,6.05600000,1987476031,1987476043,1782068532626,False,True
660014465,74.36000000,0.44400000,1987476044,1987476044,1782068532628,False,True
660014466,74.36000000,0.38900000,1987476045,1987476045,1782068532628,False,True
660014467,74.36000000,0.37300000,1987476046,1987476046,1782068532630,False,True
660014468,74.36000000,1.34100000,1987476047,1987476047,1782068532631,False,True
660014469,74.36000000,0.43500000,1987476048,1987476048,1782068532632,False,True
660014470,74.36000000,0.43600000,1987476049,1987476049,1782068532634,False,True
660014471,74.36000000,0.52400000,1987476050,1987476050,1782068532635,False,True
660014472,74.36000000,0.44900000,1987476051,1987476051,1782068532637,False,True
660014473,74.36000000,0.52100000,1987476052,1987476052,1782068532638,False,True
660014474,74.36000000,14.66000000,1987476053,1987476070,1782068532696,False,True
660014475,74.36000000,0.26800000,1987476071,1987476071,1782068533685,True,True
660014476,74.36000000,120.30900000,1987476072,1987476074,1782068533842,True,True
660014477,74.36000000,65.17800000,1987476075,1987476098,1782068533843,True,True
660014478,74.35000000,22.53700000,1987476099,1987476120,1782068533846,True,True
660014479,74.35000000,0.10100000,1987476121,1987476121,1782068534605,False,True
660014480,74.34000000,0.26900000,1987476122,1987476125,1782068535750,True,True
660014481,74.35000000,45.51000000,1987476126,1987476127,1782068537860,False,True
660014482,74.35000000,87.97100000,1987476128,1987476149,1782068537861,False,True
660014483,74.36000000,14.64100000,1987476150,1987476161,1782068537912,False,True
660014484,74.36000000,1.92000000,1987476162,1987476162,1782068537914,False,True
660014485,74.35000000,0.07500000,1987476163,1987476163,1782068537937,True,True
660014486,74.36000000,0.18400000,1987476164,1987476166,1782068538847,False,True
660014487,74.36000000,1.52200000,1987476167,1987476185,1782068539198,False,True
660014488,74.37000000,75.33100000,1987476186,1987476209,1782068540243,False,True
660014489,74.38000000,4.92600000,1987476210,1987476213,1782068540265,False,True
660014490,74.38000000,0.81700000,1987476214,1987476214,1782068540266,False,True
660014491,74.38000000,0.33700000,1987476215,1987476215,1782068540268,False,True
660014492,74.38000000,7.61100000,1987476216,1987476216,1782068540269,False,True
660014493,74.38000000,0.34200000,1987476217,1987476219,1782068540270,False,True
660014494,74.38000000,16.00000000,1987476220,1987476234,1782068540271,False,True
660014495,74.38000000,2.16900000,1987476235,1987476242,1782068540271,False,True
660014496,74.39000000,8.00000000,1987476243,1987476243,1782068540271,False,True
660014497,74.39000000,32.47600000,1987476244,1987476247,1782068540280,False,True
660014498,74.39000000,14.64100000,1987476248,1987476266,1782068540315,False,True
660014499,74.39000000,1.46400000,1987476267,1987476267,1782068540316,False,True
660014500,74.38000000,4.71600000,1987476268,1987476282,1782068541218,True,True
660014501,74.38000000,0.85700000,1987476283,1987476294,1782068541221,True,True
660014502,74.37000000,0.07500000,1987476295,1987476295,1782068541975,True,True
660014503,74.37000000,8.61100000,1987476296,1987476314,1782068542749,True,True
660014504,74.37000000,0.64000000,1987476315,1987476323,1782068542754,True,True
660014505,74.37000000,0.50300000,1987476324,1987476331,1782068542757,True,True
660014506,74.37000000,0.57500000,1987476332,1987476339,1782068542758,True,True
660014507,74.36000000,5.89200000,1987476340,1987476361,1782068542871,True,True
660014508,74.35000000,6.81500000,1987476362,1987476362,1782068543057,True,True
660014509,74.36000000,2.98200000,1987476363,1987476363,1782068546012,False,True
660014510,74.35000000,54.47100000,1987476364,1987476385,1782068546136,True,True
660014511,74.35000000,0.42500000,1987476386,1987476391,1782068546138,True,True
660014512,74.34000000,45.88100000,1987476392,1987476409,1782068546144,True,True
660014513,74.34000000,1.23300000,1987476410,1987476426,1782068546196,True,True
660014514,74.33000000,0.07500000,1987476427,1987476427,1782068547274,True,True
660014515,74.33000000,1.72000000,1987476428,1987476447,1782068547846,True,True
660014516,74.33000000,2.08900000,1987476448,1987476448,1782068550676,False,True
660014517,74.32000000,4.54600000,1987476449,1987476470,1782068550846,True,True
660014518,74.31000000,58.08200000,1987476471,1987476491,1782068552049,True,True
660014519,74.31000000,0.49000000,1987476492,1987476492,1782068552114,True,True
660014520,74.31000000,2.90900000,1987476493,1987476500,1782068552185,True,True
660014521,74.31000000,1.41900000,1987476501,1987476517,1782068552196,True,True
660014522,74.31000000,1.39800000,1987476518,1987476518,1782068552761,False,True
660014523,74.31000000,2.79700000,1987476519,1987476519,1782068552885,False,True
660014524,74.31000000,600.00000000,1987476520,1987476543,1782068552985,False,True
660014525,74.30000000,1.34500000,1987476544,1987476544,1782068553000,True,True
660014526,74.30000000,5.00000000,1987476545,1987476545,1782068554479,True,True
660014527,74.31000000,100.38400000,1987476546,1987476563,1782068554585,False,True
660014528,74.30000000,0.11800000,1987476564,1987476564,1782068555060,True,True
660014529,74.30000000,0.15100000,1987476565,1987476565,1782068555760,True,True
660014530,74.30000000,0.14700000,1987476566,1987476566,1782068558659,True,True
660014531,74.31000000,0.60200000,1987476567,1987476567,1782068560664,False,True
660014532,74.31000000,0.29900000,1987476568,1987476568,1782068560685,False,True
660014533,74.31000000,0.19100000,1987476569,1987476569,1782068561543,False,True
660014534,74.31000000,0.28500000,1987476570,1987476570,1782068562858,False,True
660014535,74.30000000,0.07000000,1987476571,1987476571,1782068565484,True,True
660014536,74.31000000,0.27400000,1987476572,1987476572,1782068565997,False,True
660014537,74.31000000,1.78600000,1987476573,1987476573,1782068566133,False,True
660014538,74.31000000,0.67300000,1987476574,1987476574,1782068566544,False,True
660014539,74.30000000,1.10800000,1987476575,1987476575,1782068567272,True,True
660014540,74.30000000,67.51900000,1987476576,1987476596,1782068568572,True,True
660014541,74.30000000,16.11900000,1987476597,1987476615,1782068568676,True,True
660014542,74.29000000,0.08400000,1987476616,1987476616,1782068569020,True,True
660014543,74.30000000,200.00000000,1987476617,1987476622,1782068569159,False,True
660014544,74.30000000,7.11100000,1987476623,1987476628,1782068569260,False,True
660014545,74.30000000,18.49300000,1987476629,1987476643,1782068569261,False,True
660014546,74.31000000,16.00000000,1987476644,1987476663,1782068569274,False,True
660014547,74.31000000,14.38600000,1987476664,1987476677,1782068569286,False,True
660014548,74.31000000,0.07100000,1987476678,1987476678,1782068569286,False,True
660014549,74.32000000,1.00000000,1987476679,1987476684,1782068569291,False,True
660014550,74.32000000,14.64100000,1987476685,1987476697,1782068569312,False,True
660014551,74.32000000,1.00000000,1987476698,1987476711,1782068569315,False,True
660014552,74.33000000,1.34500000,1987476712,1987476713,1782068569759,False,True
660014553,74.32000000,0.10200000,1987476714,1987476714,1782068569771,True,True
660014554,74.32000000,262.49900000,1987476715,1987476730,1782068570269,True,True
660014555,74.32000000,1.44900000,1987476731,1987476731,1782068572050,False,True
660014556,74.32000000,18.43300000,1987476732,1987476733,1782068572055,False,True
660014557,74.32000000,0.59300000,1987476734,1987476734,1782068572055,False,True
660014558,74.32000000,10.08500000,1987476735,1987476735,1782068572057,False,True
660014559,74.32000000,3.89900000,1987476736,1987476736,1782068572059,False,True
660014560,74.32000000,23.56400000,1987476737,1987476737,1782068572059,False,True
660014561,74.32000000,7.73600000,1987476738,1987476738,1782068572059,False,True
660014562,74.32000000,0.43700000,1987476739,1987476739,1782068572060,False,True
660014563,74.32000000,11.32800000,1987476740,1987476743,1782068572061,False,True
660014564,74.32000000,0.57100000,1987476744,1987476744,1782068572063,False,True
660014565,74.32000000,1.92800000,1987476745,1987476745,1782068572076,False,True
660014566,74.31000000,0.27300000,1987476746,1987476746,1782068572854,True,True
660014567,74.32000000,8.52200000,1987476747,1987476747,1782068573491,False,True
660014568,74.32000000,0.45500000,1987476748,1987476748,1782068573493,False,True
660014569,74.32000000,0.39100000,1987476749,1987476749,1782068573494,False,True
660014570,74.32000000,0.41700000,1987476750,1987476750,1782068573495,False,True
660014571,74.32000000,0.48300000,1987476751,1987476751,1782068573496,False,True
660014572,74.32000000,12.72900000,1987476752,1987476762,1782068573498,False,True
660014573,74.32000000,0.42900000,1987476763,1987476763,1782068573500,False,True
660014574,74.32000000,1.96900000,1987476764,1987476764,1782068573501,False,True
660014575,74.32000000,0.48300000,1987476765,1987476765,1782068573502,False,True
660014576,74.32000000,0.34000000,1987476766,1987476766,1782068573503,False,True
660014577,74.32000000,9.70100000,1987476767,1987476767,1782068574265,False,True
660014578,74.32000000,0.49100000,1987476768,1987476768,1782068574266,False,True
660014579,74.32000000,0.42700000,1987476769,1987476769,1782068574267,False,True
660014580,74.32000000,0.37200000,1987476770,1987476770,1782068574269,False,True
660014581,74.32000000,0.49200000,1987476771,1987476771,1782068574270,False,True
660014582,74.32000000,0.42700000,1987476772,1987476772,1782068574271,False,True
660014583,74.32000000,0.36600000,1987476773,1987476773,1782068574272,False,True
660014584,74.32000000,0.37000000,1987476774,1987476774,1782068574273,False,True
660014585,74.32000000,0.41600000,1987476775,1987476775,1782068574275,False,True
660014586,74.32000000,8.35700000,1987476776,1987476776,1782068574276,False,True
660014587,74.31000000,203.59900000,1987476777,1987476802,1782068574964,True,True
660014588,74.32000000,0.80900000,1987476803,1987476803,1782068575923,False,True
660014589,74.31000000,3.91300000,1987476804,1987476813,1782068576421,True,True
660014590,74.31000000,0.78100000,1987476814,1987476814,1782068578269,False,True
660014591,74.30000000,28.98900000,1987476815,1987476839,1782068578760,True,True
660014592,74.29000000,1.20100000,1987476840,1987476840,1782068580225,True,True
660014593,74.29000000,1.72000000,1987476841,1987476860,1782068580446,True,True
660014594,74.29000000,0.74200000,1987476861,1987476861,1782068580545,False,True
660014595,74.28000000,20.26000000,1987476862,1987476862,1782068580691,True,True
660014596,74.29000000,0.13400000,1987476863,1987476863,1782068581610,False,True
660014597,74.28000000,0.13700000,1987476864,1987476864,1782068585535,True,True
660014598,74.28000000,5.06400000,1987476865,1987476888,1782068586046,True,True
660014599,74.27000000,0.13600000,1987476889,1987476890,1782068586554,True,True
660014600,74.27000000,0.70000000,1987476891,1987476895,1782068593258,True,True
660014601,74.28000000,2.70100000,1987476896,1987476896,1782068596505,False,True
660014602,74.27000000,94.91600000,1987476897,1987476915,1782068597027,True,True
660014603,74.27000000,106.03600000,1987476916,1987476923,1782068597027,True,True
660014604,74.26000000,1.46400000,1987476924,1987476936,1782068597118,True,True
660014605,74.26000000,3.03400000,1987476937,1987476954,1782068598021,True,True
660014606,74.25000000,8.63800000,1987476955,1987476975,1782068598246,True,True
660014607,74.25000000,1.71000000,1987476976,1987476976,1782068598431,False,True
660014608,74.25000000,5.14400000,1987476977,1987476977,1782068598664,False,True
660014609,74.24000000,6.90400000,1987476978,1987476999,1782068600346,True,True
660014610,74.23000000,0.84900000,1987477000,1987477000,1782068600719,True,True
660014611,74.23000000,0.63700000,1987477001,1987477001,1782068602245,True,True
660014612,74.23000000,6.88200000,1987477002,1987477023,1782068606446,True,True
660014613,74.22000000,1.71700000,1987477024,1987477031,1782068606457,True,True
660014614,74.23000000,399.60600000,1987477032,1987477041,1782068606842,False,True
660014615,74.23000000,1.00000000,1987477042,1987477044,1782068607830,False,True
660014616,74.23000000,0.36300000,1987477045,1987477045,1782068608794,False,True
660014617,74.23000000,0.65900000,1987477046,1987477046,1782068608916,False,True
660014618,74.23000000,0.96800000,1987477047,1987477047,1782068611827,False,True
660014619,74.23000000,3.77900000,1987477048,1987477048,1782068613484,False,True
660014620,74.23000000,100.00000000,1987477049,1987477068,1782068614267,False,True
660014621,74.23000000,14.94400000,1987477069,1987477071,1782068614919,False,True
660014622,74.23000000,100.89300000,1987477072,1987477073,1782068614921,False,True
660014623,74.23000000,7.86000000,1987477074,1987477074,1782068614922,False,True
660014624,74.23000000,34.21000000,1987477075,1987477095,1782068614923,False,True
660014625,74.24000000,10.13700000,1987477096,1987477100,1782068616619,False,True
660014626,74.23000000,6.80000000,1987477101,1987477121,1782068617870,True,True
660014627,74.23000000,1.20600000,1987477122,1987477122,1782068619320,False,True
660014628,74.23000000,0.90400000,1987477123,1987477123,1782068620939,False,True
660014629,74.23000000,0.19100000,1987477124,1987477124,1782068621111,False,True
660014630,74.22000000,80.17900000,1987477125,1987477148,1782068621280,True,True
660014631,74.21000000,10.43400000,1987477149,1987477174,1782068621315,True,True
660014632,74.20000000,1.68600000,1987477175,1987477184,1782068621632,True,True
660014633,74.20000000,5.77800000,1987477185,1987477203,1782068621921,True,True
660014634,74.19000000,0.91500000,1987477204,1987477211,1782068625081,True,True
660014635,74.19000000,0.91500000,1987477212,1987477212,1782068625081,True,True
660014636,74.19000000,5.59100000,1987477213,1987477233,1782068625302,True,True
660014637,74.18000000,1.45100000,1987477234,1987477245,1782068625335,True,True
660014638,74.18000000,0.41000000,1987477246,1987477246,1782068626687,True,True
660014639,74.18000000,5.58000000,1987477247,1987477248,1782068628634,True,True
660014640,74.19000000,4.71200000,1987477249,1987477249,1782068629079,False,True
660014641,74.19000000,0.14700000,1987477250,1987477250,1782068630425,False,True
660014642,74.19000000,0.13400000,1987477251,1987477251,1782068630647,False,True
660014643,74.18000000,9.37000000,1987477252,1987477266,1782068632858,True,True
660014644,74.19000000,114.63600000,1987477267,1987477271,1782068633505,False,True
660014645,74.19000000,0.07500000,1987477272,1987477272,1782068635044,False,True
660014646,74.19000000,58.33100000,1987477273,1987477275,1782068636939,False,True
660014647,74.18000000,0.14000000,1987477276,1987477276,1782068638857,True,True
660014648,74.19000000,0.07500000,1987477277,1987477277,1782068639131,False,True
660014649,74.19000000,19.61300000,1987477278,1987477278,1782068644593,False,True
660014650,74.19000000,2.17800000,1987477279,1987477279,1782068644594,False,True
660014651,74.19000000,1.27500000,1987477280,1987477282,1782068644595,False,True
660014652,74.19000000,0.43100000,1987477283,1987477283,1782068644597,False,True
660014653,74.19000000,0.47400000,1987477284,1987477284,1782068644598,False,True
660014654,74.19000000,0.42500000,1987477285,1987477285,1782068644600,False,True
660014655,74.19000000,0.33800000,1987477286,1987477286,1782068644600,False,True
660014656,74.19000000,0.36700000,1987477287,1987477287,1782068644602,False,True
660014657,74.19000000,0.44400000,1987477288,1987477288,1782068644603,False,True
660014658,74.19000000,0.59500000,1987477289,1987477289,1782068644605,False,True
660014659,74.19000000,0.27100000,1987477290,1987477293,1782068644687,False,True
660014660,74.19000000,3.55400000,1987477294,1987477306,1782068647634,False,True
660014661,74.19000000,10.60700000,1987477307,1987477307,1782068647635,False,True
660014662,74.19000000,6.34200000,1987477308,1987477324,1782068647637,False,True
660014663,74.19000000,1.53100000,1987477325,1987477325,1782068647669,True,True
660014664,74.20000000,1.46400000,1987477326,1987477335,1782068647735,False,True
660014665,74.20000000,2.01600000,1987477336,1987477336,1782068647736,False,True
660014666,74.19000000,0.45500000,1987477337,1987477337,1782068647760,True,True
660014667,74.20000000,0.41100000,1987477338,1987477338,1782068648117,False,True
660014668,74.19000000,0.54600000,1987477339,1987477339,1782068649584,True,True
660014669,74.19000000,56.94900000,1987477340,1987477352,1782068650307,True,True
660014670,74.19000000,4.02300000,1987477353,1987477353,1782068650308,True,True
660014671,74.19000000,17.45700000,1987477354,1987477363,1782068650309,True,True
660014672,74.19000000,6.43800000,1987477364,1987477366,1782068650973,False,True
660014673,74.19000000,0.29700000,1987477367,1987477367,1782068650975,False,True
660014674,74.19000000,3.65300000,1987477368,1987477368,1782068650975,False,True
660014675,74.19000000,36.03000000,1987477369,1987477369,1782068650977,False,True
660014676,74.19000000,4.63400000,1987477370,1987477389,1782068650979,False,True
660014677,74.20000000,0.94000000,1987477390,1987477390,1782068653107,False,True
660014678,74.20000000,0.10500000,1987477391,1987477391,1782068653457,False,True
660014679,74.19000000,6.08300000,1987477392,1987477402,1782068654421,True,True
660014680,74.19000000,1.01700000,1987477403,1987477403,1782068654469,False,True
660014681,74.18000000,0.35100000,1987477404,1987477406,1782068654607,True,True
660014682,74.19000000,3.50300000,1987477407,1987477407,1782068658339,False,True
660014683,74.19000000,2.01900000,1987477408,1987477408,1782068660077,False,True
660014684,74.19000000,0.24400000,1987477409,1987477409,1782068662474,False,True
660014685,74.19000000,0.11300000,1987477410,1987477410,1782068664272,False,True
660014686,74.19000000,0.27500000,1987477411,1987477411,1782068666224,False,True
660014687,74.18000000,0.08000000,1987477412,1987477413,1782068671056,True,True
660014688,74.18000000,17.15700000,1987477414,1987477430,1782068674496,True,True
660014689,74.17000000,0.13400000,1987477431,1987477432,1782068675009,True,True
660014690,74.18000000,1.02800000,1987477433,1987477433,1782068677117,False,True
660014691,74.17000000,7.00000000,1987477434,1987477444,1782068678858,True,True
660014692,74.17000000,0.57300000,1987477445,1987477445,1782068679680,True,True
660014693,74.17000000,13.10000000,1987477446,1987477449,1782068680279,True,True
660014694,74.18000000,0.26900000,1987477450,1987477450,1782068681377,False,True
660014695,74.17000000,72.33600000,1987477451,1987477471,1782068681597,True,True
660014696,74.16000000,1.88600000,1987477472,1987477486,1782068681636,True,True
660014697,74.17000000,0.28100000,1987477487,1987477487,1782068681675,False,True
660014698,74.17000000,0.29000000,1987477488,1987477488,1782068681763,False,True
660014699,74.16000000,5.82500000,1987477489,1987477503,1782068681797,True,True
660014700,74.17000000,0.07200000,1987477504,1987477504,1782068681824,False,True
660014701,74.17000000,0.81800000,1987477505,1987477508,1782068684373,False,True
660014702,74.17000000,0.70700000,1987477509,1987477509,1782068687521,False,True
660014703,74.17000000,0.13100000,1987477510,1987477510,1782068688720,False,True
660014704,74.16000000,0.13500000,1987477511,1987477512,1782068688843,True,True
660014705,74.16000000,86.80200000,1987477513,1987477531,1782068688844,True,True
660014706,74.16000000,13.09700000,1987477532,1987477536,1782068688846,True,True
660014707,74.16000000,69.65200000,1987477537,1987477552,1782068688918,True,True
660014708,74.16000000,68.63000000,1987477553,1987477566,1782068688921,True,True
660014709,74.15000000,1.46400000,1987477567,1987477576,1782068689025,True,True
660014710,74.15000000,4.45300000,1987477577,1987477595,1782068690746,True,True
660014711,74.14000000,0.40800000,1987477596,1987477600,1782068690953,True,True
660014712,74.14000000,30.16900000,1987477601,1987477606,1782068692226,True,True
660014713,74.14000000,53.24600000,1987477607,1987477618,1782068692228,True,True
660014714,74.14000000,0.63400000,1987477619,1987477624,1782068692228,True,True
660014715,74.14000000,0.08000000,1987477625,1987477625,1782068692532,False,True
660014716,74.13000000,70.69300000,1987477626,1987477644,1782068692813,True,True
660014717,74.14000000,2.88800000,1987477645,1987477645,1782068692906,False,True
660014718,74.13000000,71.73800000,1987477646,1987477660,1782068693792,True,True
660014719,74.13000000,12.93500000,1987477661,1987477666,1782068693794,True,True
660014720,74.13000000,0.57600000,1987477667,1987477674,1782068693796,True,True
660014721,74.12000000,0.97000000,1987477675,1987477685,1782068693916,True,True
660014722,74.13000000,2.01500000,1987477686,1987477686,1782068694435,False,True
660014723,74.12000000,7.74200000,1987477687,1987477697,1782068694959,True,True
660014724,74.12000000,7.65700000,1987477698,1987477698,1782068694959,True,True
660014725,74.12000000,4.15700000,1987477699,1987477705,1782068694960,True,True
660014726,74.12000000,15.55000000,1987477706,1987477706,1782068694960,True,True
660014727,74.12000000,4.64600000,1987477707,1987477707,1782068694960,True,True
660014728,74.12000000,3.93700000,1987477708,1987477708,1782068694961,True,True
660014729,74.12000000,11.38500000,1987477709,1987477709,1782068694961,True,True
660014730,74.12000000,45.13100000,1987477710,1987477718,1782068694961,True,True
660014731,74.11000000,1.46400000,1987477719,1987477730,1782068695014,True,True
660014732,74.12000000,1.71400000,1987477731,1987477731,1782068696761,False,True
660014733,74.12000000,0.67500000,1987477732,1987477732,1782068696910,False,True
660014734,74.12000000,0.07500000,1987477733,1987477733,1782068699112,False,True
660014735,74.11000000,11.58300000,1987477734,1987477734,1782068699727,True,True
660014736,74.12000000,6.32800000,1987477735,1987477735,1782068701373,False,True
660014737,74.12000000,0.47600000,1987477736,1987477736,1782068701375,False,True
660014738,74.12000000,4.45900000,1987477737,1987477737,1782068705776,False,True
660014739,74.12000000,18.55100000,1987477738,1987477739,1782068705778,False,True
660014740,74.12000000,10.62700000,1987477740,1987477753,1782068705779,False,True
660014741,74.12000000,11.66800000,1987477754,1987477757,1782068705782,False,True
660014742,74.12000000,0.52700000,1987477758,1987477758,1782068705783,False,True
660014743,74.12000000,0.36500000,1987477759,1987477759,1782068705783,False,True
660014744,74.12000000,75.77700000,1987477760,1987477779,1782068705784,False,True
660014745,74.13000000,0.44900000,1987477780,1987477780,1782068706147,False,True
660014746,74.13000000,0.17400000,1987477781,1987477783,1782068706179,False,True
660014747,74.13000000,0.07500000,1987477784,1987477784,1782068708934,False,True
660014748,74.12000000,16.18900000,1987477785,1987477785,1782068709472,True,True
660014749,74.12000000,10.00000000,1987477786,1987477786,1782068711376,True,True
660014750,74.12000000,0.28000000,1987477787,1987477787,1782068712161,True,True
660014751,74.12000000,0.84300000,1987477788,1987477788,1782068712864,True,True
660014752,74.12000000,0.62100000,1987477789,1987477789,1782068712864,True,True
660014753,74.13000000,0.83100000,1987477790,1987477790,1782068714147,False,True
660014754,74.13000000,0.20000000,1987477791,1987477791,1782068715197,False,True
660014755,74.13000000,12.58600000,1987477792,1987477796,1782068715817,False,True
660014756,74.12000000,17.53300000,1987477797,1987477817,1782068716471,True,True
660014757,74.12000000,0.12600000,1987477818,1987477818,1782068716707,False,True
660014758,74.12000000,40.47400000,1987477819,1987477819,1782068720321,False,True
660014759,74.12000000,30.23500000,1987477820,1987477821,1782068720322,False,True
660014760,74.12000000,40.47400000,1987477822,1987477825,1782068720322,False,True
660014761,74.12000000,30.27300000,1987477826,1987477826,1782068720322,False,True
660014762,74.12000000,30.19900000,1987477827,1987477831,1782068720322,False,True
660014763,74.12000000,40.47400000,1987477832,1987477833,1782068720322,False,True
660014764,74.12000000,6.74500000,1987477834,1987477834,1782068720322,False,True
660014765,74.12000000,0.11300000,1987477835,1987477835,1782068720322,False,True
660014766,74.12000000,35.54700000,1987477836,1987477836,1782068720322,False,True
660014767,74.12000000,5.39600000,1987477837,1987477837,1782068720322,False,True
660014768,74.12000000,1.18700000,1987477838,1987477838,1782068720322,False,True
660014769,74.12000000,1.18700000,1987477839,1987477839,1782068720322,False,True
660014770,74.12000000,1.18700000,1987477840,1987477840,1782068720322,False,True
660014771,74.12000000,6.74500000,1987477841,1987477841,1782068720323,False,True
660014772,74.12000000,1.18700000,1987477842,1987477842,1782068720323,False,True
660014773,74.12000000,1.33500000,1987477843,1987477843,1782068720323,False,True
660014774,74.12000000,1.18700000,1987477844,1987477844,1782068720323,False,True
660014775,74.12000000,0.10900000,1987477845,1987477845,1782068720687,False,True
660014776,74.11000000,30.19800000,1987477846,1987477855,1782068720730,True,True
660014777,74.12000000,2.51600000,1987477856,1987477859,1782068721604,False,True
660014778,74.12000000,15.34800000,1987477860,1987477876,1782068721610,False,True
660014779,74.12000000,1.20200000,1987477877,1987477890,1782068721613,False,True
660014780,74.12000000,1.73600000,1987477891,1987477891,1782068722807,True,True
660014781,74.13000000,2.55000000,1987477892,1987477892,1782068723878,False,True
660014782,74.13000000,46.44000000,1987477893,1987477905,1782068726890,False,True
660014783,74.13000000,11.22800000,1987477906,1987477910,1782068727376,False,True
660014784,74.13000000,0.37800000,1987477911,1987477915,1782068727378,False,True
660014785,74.13000000,0.55800000,1987477916,1987477924,1782068727379,False,True
660014786,74.13000000,0.35400000,1987477925,1987477929,1782068727380,False,True
660014787,74.14000000,0.11700000,1987477930,1987477930,1782068728721,False,True
660014788,74.14000000,2.28200000,1987477931,1987477949,1782068730749,False,True
660014789,74.14000000,1.13100000,1987477950,1987477962,1782068730757,False,True
660014790,74.14000000,1.34300000,1987477963,1987477977,1782068730864,False,True
660014791,74.14000000,1.13400000,1987477978,1987477990,1782068730866,False,True
660014792,74.14000000,1.00800000,1987477991,1987477991,1782068735980,True,True
660014793,74.14000000,0.99700000,1987477992,1987477992,1782068736988,True,True
660014794,74.14000000,0.32000000,1987477993,1987477993,1782068737067,True,True
660014795,74.14000000,1.34900000,1987477994,1987477994,1782068737323,True,True
660014796,74.15000000,0.50200000,1987477995,1987477997,1782068739392,False,True
660014797,74.15000000,98.70000000,1987477998,1987477998,1782068739530,False,True
660014798,74.15000000,1.70300000,1987477999,1987477999,1782068740121,False,True
660014799,74.15000000,15.25400000,1987478000,1987478020,1782068741567,False,True
660014800,74.15000000,0.50200000,1987478021,1987478027,1782068741569,False,True
660014801,74.16000000,8.59000000,1987478028,1987478045,1782068741770,False,True
660014802,74.16000000,2.51600000,1987478046,1987478060,1782068741779,False,True
660014803,74.16000000,14.76500000,1987478061,1987478078,1782068741871,False,True
660014804,74.17000000,1.46400000,1987478079,1987478079,1782068742014,False,True
660014805,74.16000000,0.91500000,1987478080,1987478080,1782068742091,True,True
660014806,74.16000000,0.91500000,1987478081,1987478081,1782068742091,True,True
660014807,74.16000000,0.29000000,1987478082,1987478082,1782068745577,True,True
660014808,74.16000000,11.59600000,1987478083,1987478098,1782068746121,True,True
660014809,74.15000000,0.18700000,1987478099,1987478099,1782068746338,True,True
660014810,74.16000000,125.03300000,1987478100,1987478124,1782068750182,False,True
660014811,74.17000000,2.51600000,1987478125,1987478135,1782068750187,False,True
660014812,74.17000000,14.62700000,1987478136,1987478152,1782068750197,False,True
660014813,74.18000000,1.46400000,1987478153,1987478164,1782068750410,False,True
660014814,74.18000000,14.78200000,1987478165,1987478180,1782068752783,False,True
660014815,74.18000000,0.64200000,1987478181,1987478189,1782068752785,False,True
660014816,74.19000000,2.38400000,1987478190,1987478192,1782068754254,False,True
660014817,74.18000000,0.13200000,1987478193,1987478193,1782068755607,True,True
660014818,74.19000000,4.68900000,1987478194,1987478208,1782068756365,False,True
660014819,74.19000000,1.41100000,1987478209,1987478224,1782068756368,False,True
660014820,74.20000000,1.18400000,1987478225,1987478233,1782068756951,False,True
660014821,74.19000000,3.03100000,1987478234,1987478236,1782068757603,True,True
660014822,74.19000000,1.44300000,1987478237,1987478242,1782068757608,True,True
660014823,74.18000000,0.51600000,1987478243,1987478243,1782068758857,True,True
660014824,74.18000000,102.90400000,1987478244,1987478259,1782068760297,True,True
660014825,74.18000000,0.10100000,1987478260,1987478260,1782068760649,False,True
660014826,74.18000000,2.98400000,1987478261,1987478276,1782068760969,False,True
660014827,74.18000000,1.21200000,1987478277,1987478277,1782068760969,False,True
660014828,74.18000000,1.59000000,1987478278,1987478282,1782068760970,False,True
660014829,74.19000000,0.14400000,1987478283,1987478284,1782068761300,False,True
660014830,74.19000000,0.57400000,1987478285,1987478286,1782068767587,False,True
660014831,74.18000000,0.43500000,1987478287,1987478287,1782068769761,True,True
660014832,74.18000000,0.23300000,1987478288,1987478288,1782068770473,True,True
660014833,74.19000000,1.53200000,1987478289,1987478289,1782068773548,False,True
660014834,74.19000000,13.22900000,1987478290,1987478290,1782068773549,False,True
660014835,74.19000000,0.09400000,1987478291,1987478292,1782068774964,False,True
660014836,74.18000000,0.36100000,1987478293,1987478293,1782068777297,True,True
660014837,74.19000000,0.12000000,1987478294,1987478295,1782068778197,False,True
660014838,74.18000000,0.13400000,1987478296,1987478296,1782068778221,True,True
660014839,74.18000000,30.01100000,1987478297,1987478306,1782068779329,True,True
660014840,74.18000000,0.13500000,1987478307,1987478307,1782068781897,False,True
660014841,74.17000000,1.00000000,1987478308,1987478308,1782068782943,True,True
660014842,74.17000000,1.40000000,1987478309,1987478309,1782068783618,True,True
660014843,74.18000000,0.87800000,1987478310,1987478310,1782068784895,False,True
660014844,74.17000000,1.19900000,1987478311,1987478311,1782068787893,True,True
660014845,74.18000000,41.80400000,1987478312,1987478335,1782068789276,False,True
660014846,74.19000000,1.00000000,1987478336,1987478344,1782068789279,False,True
660014847,74.19000000,7.93100000,1987478345,1987478348,1782068789281,False,True
660014848,74.19000000,0.93200000,1987478349,1987478361,1782068789284,False,True
660014849,74.20000000,1.46400000,1987478362,1987478363,1782068789313,False,True
660014850,74.20000000,20.21600000,1987478364,1987478369,1782068789332,False,True
660014851,74.19000000,2.55300000,1987478370,1987478370,1782068789864,True,True
660014852,74.19000000,0.15800000,1987478371,1987478371,1782068790425,True,True
660014853,74.19000000,2.69600000,1987478372,1987478372,1782068790747,True,True
660014854,74.20000000,1.78800000,1987478373,1987478393,1782068791246,False,True
660014855,74.20000000,0.91500000,1987478394,1987478394,1782068791319,True,True
660014856,74.20000000,0.91500000,1987478395,1987478395,1782068791320,True,True
660014857,74.20000000,0.91500000,1987478396,1987478396,1782068791322,True,True
660014858,74.20000000,0.91500000,1987478397,1987478397,1782068791322,True,True
660014859,74.20000000,188.81600000,1987478398,1987478409,1782068791526,True,True
660014860,74.20000000,74.95900000,1987478410,1987478417,1782068791526,True,True
660014861,74.19000000,1.46400000,1987478418,1987478420,1782068791614,True,True
660014862,74.19000000,10.00200000,1987478421,1987478438,1782068791695,True,True
660014863,74.19000000,65.79300000,1987478439,1987478459,1782068792292,False,True
660014864,74.19000000,1.49000000,1987478460,1987478460,1782068796117,True,True
660014865,74.19000000,25.64600000,1987478461,1987478467,1782068797474,True,True
660014866,74.19000000,14.40300000,1987478468,1987478472,1782068797474,True,True
660014867,74.18000000,0.26000000,1987478473,1987478473,1782068801040,True,True
660014868,74.19000000,0.61200000,1987478474,1987478474,1782068802695,False,True
660014869,74.18000000,0.26900000,1987478475,1987478479,1782068803621,True,True
660014870,74.18000000,23.88000000,1987478480,1987478483,1782068805505,True,True
660014871,74.18000000,45.26900000,1987478484,1987478501,1782068805591,True,True
660014872,74.18000000,5.54300000,1987478502,1987478502,1782068807501,False,True
660014873,74.18000000,0.45800000,1987478503,1987478503,1782068807502,False,True
660014874,74.18000000,0.47500000,1987478504,1987478510,1782068807504,False,True
660014875,74.18000000,2.78200000,1987478511,1987478514,1782068807518,False,True
660014876,74.18000000,0.42300000,1987478515,1987478516,1782068807520,False,True
660014877,74.18000000,0.42500000,1987478517,1987478519,1782068807521,False,True
660014878,74.18000000,0.34200000,1987478520,1987478522,1782068807522,False,True
660014879,74.18000000,0.45700000,1987478523,1987478524,1782068807523,False,True
660014880,74.18000000,0.36900000,1987478525,1987478525,1782068807524,False,True
660014881,74.18000000,0.34400000,1987478526,1987478526,1782068807525,False,True
660014882,74.18000000,1.34800000,1987478527,1987478527,1782068807567,False,True
660014883,74.18000000,5.44000000,1987478528,1987478544,1782068808299,False,True
660014884,74.19000000,0.41600000,1987478545,1987478547,1782068808720,False,True
660014885,74.19000000,3.76900000,1987478548,1987478548,1782068809267,False,True
660014886,74.19000000,0.37900000,1987478549,1987478551,1782068811333,False,True
660014887,74.19000000,1.48300000,1987478552,1987478554,1782068812043,False,True
660014888,74.18000000,3.00000000,1987478555,1987478555,1782068814481,True,True
660014889,74.18000000,16.93800000,1987478556,1987478562,1782068816721,True,True
660014890,74.18000000,1.06600000,1987478563,1987478563,1782068817250,False,True
660014891,74.18000000,0.16900000,1987478564,1987478564,1782068819021,False,True
660014892,74.17000000,4.41500000,1987478565,1987478571,1782068822984,True,True
660014893,74.17000000,6.99300000,1987478572,1987478572,1782068824585,True,True
660014894,74.17000000,0.15300000,1987478573,1987478573,1782068827621,True,True
660014895,74.18000000,0.26900000,1987478574,1987478574,1782068829662,False,True
660014896,74.17000000,2.10500000,1987478575,1987478575,1782068830114,True,True
660014897,74.17000000,0.38400000,1987478576,1987478576,1782068830514,True,True
660014898,74.17000000,0.46400000,1987478577,1987478577,1782068835622,True,True
660014899,74.17000000,1.96600000,1987478578,1987478578,1782068838953,True,True
660014900,74.18000000,2.91900000,1987478579,1987478579,1782068839871,False,True
660014901,74.17000000,0.10800000,1987478580,1987478580,1782068840778,True,True
660014902,74.18000000,0.51200000,1987478581,1987478581,1782068842138,False,True
660014903,74.17000000,1.29900000,1987478582,1987478582,1782068846038,True,True
660014904,74.18000000,0.10100000,1987478583,1987478583,1782068846715,False,True
660014905,74.17000000,0.07200000,1987478584,1987478584,1782068846922,True,True
660014906,74.17000000,1.33100000,1987478585,1987478585,1782068849144,True,True
660014907,74.18000000,8.36500000,1987478586,1987478586,1782068849334,False,True
660014908,74.18000000,0.34600000,1987478587,1987478587,1782068854297,False,True
660014909,74.17000000,16.77000000,1987478588,1987478598,1782068854396,True,True
660014910,74.17000000,2.53000000,1987478599,1987478599,1782068854839,False,True
660014911,74.17000000,0.08200000,1987478600,1987478600,1782068855274,False,True
660014912,74.17000000,1.90100000,1987478601,1987478601,1782068859120,False,True
660014913,74.17000000,0.15100000,1987478602,1987478602,1782068862151,False,True
660014914,74.17000000,0.44400000,1987478603,1987478603,1782068864381,False,True
660014915,74.17000000,1.55500000,1987478604,1987478604,1782068875097,False,True
660014916,74.17000000,0.46000000,1987478605,1987478605,1782068875099,False,True
660014917,74.17000000,0.52000000,1987478606,1987478606,1782068875100,False,True
660014918,74.17000000,16.18100000,1987478607,1987478607,1782068875102,False,True
660014919,74.17000000,1.39300000,1987478608,1987478608,1782068875108,False,True
660014920,74.17000000,0.40900000,1987478609,1987478609,1782068875110,False,True
660014921,74.17000000,0.42300000,1987478610,1987478610,1782068875111,False,True
660014922,74.17000000,0.41100000,1987478611,1987478611,1782068875112,False,True
660014923,74.17000000,0.41900000,1987478612,1987478612,1782068875113,False,True
660014924,74.17000000,0.44500000,1987478613,1987478613,1782068875115,False,True
660014925,74.17000000,0.20300000,1987478614,1987478614,1782068877786,False,True
660014926,74.17000000,134.88000000,1987478615,1987478642,1782068878646,False,True
660014927,74.18000000,4.27600000,1987478643,1987478649,1782068878690,False,True
660014928,74.18000000,0.08700000,1987478650,1987478650,1782068881658,False,True
660014929,74.17000000,0.13500000,1987478651,1987478651,1782068883120,True,True
660014930,74.17000000,0.07000000,1987478652,1987478652,1782068883950,True,True
660014931,74.17000000,1.68300000,1987478653,1987478653,1782068885321,True,True
660014932,74.18000000,0.12000000,1987478654,1987478654,1782068885381,False,True
660014933,74.18000000,246.44500000,1987478655,1987478678,1782068887372,False,True
660014934,74.18000000,0.22100000,1987478679,1987478679,1782068887636,False,True
660014935,74.17000000,3.60400000,1987478680,1987478680,1782068890158,True,True
660014936,74.18000000,3.13000000,1987478681,1987478681,1782068895159,False,True
660014937,74.18000000,2.00000000,1987478682,1987478683,1782068895446,False,True
660014938,74.18000000,32.26800000,1987478684,1987478693,1782068896966,False,True
660014939,74.18000000,15.34800000,1987478694,1987478712,1782068896970,False,True
660014940,74.19000000,53.92900000,1987478713,1987478729,1782068896978,False,True
660014941,74.19000000,2.92800000,1987478730,1987478730,1782068897012,False,True
660014942,74.19000000,17.61700000,1987478731,1987478747,1782068897017,False,True
660014943,74.20000000,2.11500000,1987478748,1987478754,1782068898311,False,True
660014944,74.20000000,0.26500000,1987478755,1987478756,1782068899723,False,True
660014945,74.19000000,0.39300000,1987478757,1987478757,1782068901072,True,True
660014946,74.20000000,0.40500000,1987478758,1987478758,1782068902186,False,True
660014947,74.20000000,0.13500000,1987478759,1987478759,1782068902275,False,True
660014948,74.20000000,11.02800000,1987478760,1987478760,1782068904281,False,True
660014949,74.20000000,3.53300000,1987478761,1987478776,1782068904283,False,True
660014950,74.20000000,0.71500000,1987478777,1987478786,1782068904284,False,True
660014951,74.20000000,1.19100000,1987478787,1987478787,1782068905503,True,True
660014952,74.21000000,0.10100000,1987478788,1987478789,1782068906812,False,True
660014953,74.21000000,0.30000000,1987478790,1987478791,1782068910378,False,True
660014954,74.20000000,80.97800000,1987478792,1987478798,1782068912132,True,True
660014955,74.20000000,36.93900000,1987478799,1987478810,1782068912135,True,True
660014956,74.20000000,0.33200000,1987478811,1987478811,1782068913678,False,True
660014957,74.20000000,5.11900000,1987478812,1987478823,1782068914703,False,True
660014958,74.20000000,1.14300000,1987478824,1987478838,1782068914706,False,True
660014959,74.21000000,16.03900000,1987478839,1987478862,1782068914764,False,True
660014960,74.21000000,0.56400000,1987478863,1987478863,1782068914768,True,True
660014961,74.22000000,2.92800000,1987478864,1987478870,1782068914814,False,True
660014962,74.22000000,1.88900000,1987478871,1987478888,1782068915325,False,True
660014963,74.22000000,2.69700000,1987478889,1987478889,1782068917177,True,True
660014964,74.22000000,1.21100000,1987478890,1987478890,1782068918070,True,True
660014965,74.22000000,1.21100000,1987478891,1987478891,1782068918070,True,True
660014966,74.23000000,0.53500000,1987478892,1987478896,1782068918820,False,True
660014967,74.23000000,4.39100000,1987478897,1987478904,1782068920068,False,True
660014968,74.23000000,2.69400000,1987478905,1987478906,1782068921030,False,True
660014969,74.22000000,0.14800000,1987478907,1987478907,1782068921398,True,True
660014970,74.23000000,59.03600000,1987478908,1987478915,1782068921524,False,True
660014971,74.23000000,0.67300000,1987478916,1987478916,1782068922938,False,True
660014972,74.23000000,0.37800000,1987478917,1987478917,1782068923331,False,True
660014973,74.22000000,12.03600000,1987478918,1987478919,1782068925395,True,True
660014974,74.23000000,0.26000000,1987478920,1987478920,1782068925771,False,True
660014975,74.23000000,6.38300000,1987478921,1987478921,1782068925872,False,True
660014976,74.22000000,0.20200000,1987478922,1987478922,1782068927458,True,True
660014977,74.23000000,0.09900000,1987478923,1987478923,1782068927592,False,True
660014978,74.23000000,0.14300000,1987478924,1987478924,1782068928694,False,True
660014979,74.23000000,0.20600000,1987478925,1987478925,1782068931120,False,True
660014980,74.22000000,0.33100000,1987478926,1987478926,1782068931220,True,True
660014981,74.22000000,117.04800000,1987478927,1987478939,1782068933533,True,True
660014982,74.22000000,8.64300000,1987478940,1987478946,1782068933534,True,True
660014983,74.21000000,5.00000000,1987478947,1987478947,1782068936176,True,True
660014984,74.22000000,0.26300000,1987478948,1987478948,1782068939471,False,True
660014985,74.22000000,0.35800000,1987478949,1987478949,1782068941521,False,True
660014986,74.21000000,26.25700000,1987478950,1987478970,1782068945948,True,True
660014987,74.21000000,0.13400000,1987478971,1987478971,1782068952549,False,True
660014988,74.21000000,0.17400000,1987478972,1987478972,1782068952605,False,True
660014989,74.21000000,0.27000000,1987478973,1987478973,1782068954397,False,True
660014990,74.20000000,41.11400000,1987478974,1987478977,1782068956189,True,True
660014991,74.21000000,2.73100000,1987478978,1987478978,1782068956413,False,True
660014992,74.20000000,0.59300000,1987478979,1987478979,1782068958290,True,True
660014993,74.20000000,0.13400000,1987478980,1987478980,1782068963421,True,True
660014994,74.21000000,0.13400000,1987478981,1987478981,1782068968616,False,True
660014995,74.20000000,3.08900000,1987478982,1987478982,1782068969010,True,True
660014996,74.21000000,0.18800000,1987478983,1987478983,1782068971649,False,True
660014997,74.21000000,0.10600000,1987478984,1987478984,1782068973254,False,True
660014998,74.21000000,0.11000000,1987478985,1987478985,1782068976627,False,True
660014999,74.20000000,0.26700000,1987478986,1987478986,1782068977895,True,True
660015000,74.21000000,0.49300000,1987478987,1987478987,1782068983301,False,True
660015001,74.21000000,2.83200000,1987478988,1987478988,1782068984210,False,True
660015002,74.20000000,2.00000000,1987478989,1987478989,1782068984605,True,True
660015003,74.21000000,1.01000000,1987478990,1987478990,1782068985915,False,True
660015004,74.20000000,5.00000000,1987478991,1987478991,1782068986961,True,True
660015005,74.21000000,0.14900000,1987478992,1987478992,1782068987830,False,True
660015006,74.21000000,7.64000000,1987478993,1987478993,1782068988300,False,True
660015007,74.21000000,10.93400000,1987478994,1987478994,1782068988302,False,True
660015008,74.21000000,5.92200000,1987478995,1987478995,1782068988305,False,True
660015009,74.21000000,0.37000000,1987478996,1987478996,1782068988307,False,True
660015010,74.21000000,0.35200000,1987478997,1987478997,1782068988307,False,True
660015011,74.21000000,10.09100000,1987478998,1987479011,1782068988309,False,True
660015012,74.21000000,0.48200000,1987479012,1987479012,1782068988311,False,True
660015013,74.21000000,0.46600000,1987479013,1987479013,1782068988311,False,True
660015014,74.21000000,0.49500000,1987479014,1987479014,1782068988313,False,True
660015015,74.21000000,0.47000000,1987479015,1987479015,1782068988314,False,True
660015016,74.21000000,0.40500000,1987479016,1987479016,1782068988423,False,True
660015017,74.21000000,7.18300000,1987479017,1987479017,1782068989003,False,True
660015018,74.21000000,0.68000000,1987479018,1987479018,1782068989005,False,True
660015019,74.21000000,5.27900000,1987479019,1987479019,1782068989021,False,True
660015020,74.21000000,0.44100000,1987479020,1987479020,1782068989022,False,True
660015021,74.21000000,0.52100000,1987479021,1987479021,1782068989024,False,True
660015022,74.21000000,0.43000000,1987479022,1987479022,1782068989025,False,True
660015023,74.21000000,0.50400000,1987479023,1987479023,1782068989026,False,True
660015024,74.21000000,0.39500000,1987479024,1987479024,1782068989028,False,True
660015025,74.21000000,0.45600000,1987479025,1987479025,1782068989029,False,True
660015026,74.21000000,0.47700000,1987479026,1987479026,1782068989031,False,True
660015027,74.21000000,0.26800000,1987479027,1987479027,1782068989438,False,True
660015028,74.21000000,0.26100000,1987479028,1987479028,1782068989692,False,True
660015029,74.20000000,0.82700000,1987479029,1987479029,1782068989808,True,True
660015030,74.21000000,4.57300000,1987479030,1987479030,1782068991260,False,True
660015031,74.21000000,40.14300000,1987479031,1987479031,1782068991261,False,True
660015032,74.21000000,1.85800000,1987479032,1987479032,1782068991262,False,True
660015033,74.21000000,28.68600000,1987479033,1987479033,1782068991263,False,True
660015034,74.21000000,0.26200000,1987479034,1987479034,1782068991265,False,True
660015035,74.21000000,159.35400000,1987479035,1987479052,1782068991265,False,True
660015036,74.22000000,5.63100000,1987479053,1987479063,1782068991446,False,True
660015037,74.22000000,0.48700000,1987479064,1987479070,1782068991449,False,True
660015038,74.22000000,0.34200000,1987479071,1987479074,1782068991449,False,True
660015039,74.22000000,0.49400000,1987479075,1987479081,1782068991451,False,True
660015040,74.22000000,5.80900000,1987479082,1987479098,1782068991571,False,True
660015041,74.23000000,0.48800000,1987479099,1987479099,1782068991910,False,True
660015042,74.23000000,2.85700000,1987479100,1987479100,1782068992914,False,True
660015043,74.23000000,0.74800000,1987479101,1987479101,1782068993913,False,True
660015044,74.23000000,2.17100000,1987479102,1987479102,1782068995464,False,True
660015045,74.23000000,0.10100000,1987479103,1987479104,1782068996272,False,True
660015046,74.22000000,0.68200000,1987479105,1987479105,1782068998007,True,True
660015047,74.23000000,1.73200000,1987479106,1987479109,1782069001939,False,True
660015048,74.23000000,0.11200000,1987479110,1987479110,1782069004034,False,True
660015049,74.23000000,1.73100000,1987479111,1987479111,1782069005054,False,True
660015050,74.22000000,4.87800000,1987479112,1987479112,1782069006244,True,True
660015051,74.22000000,0.13400000,1987479113,1987479113,1782069013507,True,True
660015052,74.23000000,5.31200000,1987479114,1987479128,1782069016326,False,True
660015053,74.22000000,0.18000000,1987479129,1987479129,1782069017825,True,True
660015054,74.22000000,0.74200000,1987479130,1987479130,1782069023669,True,True
660015055,74.23000000,0.10100000,1987479131,1987479132,1782069025881,False,True
660015056,74.22000000,17.98100000,1987479133,1987479133,1782069027022,True,True
660015057,74.22000000,72.18200000,1987479134,1987479136,1782069027427,True,True
660015058,74.23000000,0.72100000,1987479137,1987479141,1782069028757,False,True
660015059,74.23000000,0.10600000,1987479142,1987479142,1782069030975,False,True
660015060,74.22000000,0.13400000,1987479143,1987479143,1782069032571,True,True
660015061,74.22000000,9.35700000,1987479144,1987479144,1782069034958,True,True
660015062,74.22000000,30.33500000,1987479145,1987479146,1782069037092,True,True
660015063,74.23000000,22.33600000,1987479147,1987479166,1782069041156,False,True
660015064,74.24000000,6.86700000,1987479167,1987479179,1782069041181,False,True
660015065,74.24000000,0.07500000,1987479180,1987479181,1782069041183,False,True
660015066,74.24000000,0.58000000,1987479182,1987479184,1782069041184,False,True
660015067,74.24000000,0.76500000,1987479185,1987479185,1782069041185,False,True
660015068,74.24000000,1.57500000,1987479186,1987479201,1782069041187,False,True
660015069,74.24000000,0.28700000,1987479202,1987479202,1782069041190,True,True
660015070,74.25000000,1.46400000,1987479203,1987479203,1782069041211,False,True
660015071,74.25000000,11.15700000,1987479204,1987479204,1782069041386,False,True
660015072,74.25000000,1.00000000,1987479205,1987479205,1782069043321,False,True
660015073,74.25000000,2.30000000,1987479206,1987479206,1782069043837,False,True
660015074,74.25000000,1.83300000,1987479207,1987479207,1782069044396,False,True
660015075,74.24000000,26.97300000,1987479208,1987479208,1782069045146,True,True
660015076,74.24000000,0.51300000,1987479209,1987479209,1782069045385,True,True
660015077,74.25000000,233.26800000,1987479210,1987479239,1782069045921,False,True
660015078,74.26000000,269.48100000,1987479240,1987479270,1782069045921,False,True
660015079,74.27000000,195.08400000,1987479271,1987479286,1782069045921,False,True
660015080,74.26000000,204.73700000,1987479287,1987479306,1782069045926,True,True
660015081,74.25000000,0.92800000,1987479307,1987479307,1782069045930,True,True
660015082,74.25000000,0.93100000,1987479308,1987479308,1782069045930,True,True
660015083,74.25000000,0.91400000,1987479309,1987479309,1782069045933,True,True
660015084,74.25000000,0.45600000,1987479310,1987479310,1782069045936,True,True
660015085,74.25000000,0.22700000,1987479311,1987479311,1782069045938,True,True
660015086,74.25000000,0.25600000,1987479312,1987479312,1782069045995,True,True
660015087,74.25000000,2.69100000,1987479313,1987479313,1782069046929,True,True
660015088,74.25000000,0.13700000,1987479314,1987479314,1782069047675,True,True
660015089,74.25000000,47.26200000,1987479315,1987479339,1782069051295,True,True
660015090,74.24000000,0.77600000,1987479340,1987479340,1782069051747,True,True
660015091,74.24000000,0.14000000,1987479341,1987479341,1782069053501,True,True
660015092,74.24000000,0.25200000,1987479342,1987479342,1782069053826,True,True
660015093,74.24000000,0.64600000,1987479343,1987479343,1782069057683,True,True
660015094,74.25000000,47.66000000,1987479344,1987479346,1782069058748,False,True
660015095,74.24000000,35.89100000,1987479347,1987479357,1782069060140,True,True
660015096,74.24000000,1.28800000,1987479358,1987479358,1782069062254,True,True
660015097,74.24000000,0.48700000,1987479359,1987479359,1782069062718,True,True
660015098,74.25000000,5.12100000,1987479360,1987479367,1782069063021,False,True
660015099,74.25000000,32.68500000,1987479368,1987479380,1782069063022,False,True
660015100,74.26000000,5.84400000,1987479381,1987479381,1782069065796,False,True
660015101,74.26000000,4.21600000,1987479382,1987479389,1782069066542,False,True
660015102,74.26000000,5.45900000,1987479390,1987479401,1782069067568,False,True
660015103,74.26000000,5.08800000,1987479402,1987479410,1782069068353,False,True
660015104,74.26000000,6.52900000,1987479411,1987479418,1782069069699,False,True
660015105,74.26000000,13.55900000,1987479419,1987479437,1782069071135,False,True
660015106,74.27000000,1.73500000,1987479438,1987479450,1782069071342,False,True
660015107,74.26000000,0.13300000,1987479451,1987479451,1782069071505,True,True
660015108,74.27000000,0.76300000,1987479452,1987479459,1782069072335,False,True
660015109,74.26000000,0.07500000,1987479460,1987479460,1782069072638,True,True
660015110,74.27000000,0.14900000,1987479461,1987479461,1782069074321,False,True
660015111,74.26000000,0.62800000,1987479462,1987479462,1782069074585,True,True
660015112,74.26000000,0.52300000,1987479463,1987479463,1782069078221,True,True
660015113,74.26000000,0.21700000,1987479464,1987479464,1782069078565,True,True
660015114,74.27000000,1.39900000,1987479465,1987479480,1782069078696,False,True
660015115,74.27000000,0.07500000,1987479481,1987479481,1782069080368,True,True
660015116,74.28000000,0.67400000,1987479482,1987479488,1782069081256,False,True
660015117,74.27000000,0.83300000,1987479489,1987479489,1782069082322,True,True
660015118,74.27000000,0.11100000,1987479490,1987479490,1782069083647,True,True
660015119,74.28000000,0.23200000,1987479491,1987479492,1782069083836,False,True
660015120,74.27000000,1.21600000,1987479493,1987479493,1782069086535,True,True
660015121,74.28000000,0.10100000,1987479494,1987479495,1782069086698,False,True
660015122,74.28000000,14.11900000,1987479496,1987479511,1782069086817,False,True
660015123,74.27000000,0.18400000,1987479512,1987479512,1782069088930,True,True
660015124,74.27000000,0.89000000,1987479513,1987479513,1782069089903,True,True
660015125,74.28000000,1.66200000,1987479514,1987479531,1782069092572,False,True
660015126,74.29000000,0.08800000,1987479532,1987479533,1782069095195,False,True
660015127,74.29000000,8.00000000,1987479534,1987479534,1782069095195,False,True
660015128,74.29000000,10.16200000,1987479535,1987479543,1782069095195,False,True
660015129,74.29000000,8.24400000,1987479544,1987479558,1782069095195,False,True
660015130,74.30000000,7.75600000,1987479559,1987479560,1782069095195,False,True
660015131,74.30000000,4.00000000,1987479561,1987479561,1782069095195,False,True
660015132,74.30000000,1.00000000,1987479562,1987479566,1782069095197,False,True
660015133,74.30000000,4.00000000,1987479567,1987479567,1782069095239,False,True
660015134,74.30000000,8.00000000,1987479568,1987479568,1782069095240,False,True
660015135,74.30000000,2.96000000,1987479569,1987479569,1782069095252,False,True
660015136,74.30000000,14.64100000,1987479570,1987479582,1782069095347,False,True
660015137,74.30000000,1.46400000,1987479583,1987479583,1782069095347,False,True
660015138,74.30000000,1.54800000,1987479584,1987479599,1782069096291,False,True
660015139,74.30000000,0.57300000,1987479600,1987479607,1782069096293,False,True
660015140,74.31000000,0.41800000,1987479608,1987479610,1782069096948,False,True
660015141,74.31000000,0.16700000,1987479611,1987479613,1782069098047,False,True
660015142,74.30000000,0.41200000,1987479614,1987479614,1782069100073,True,True
660015143,74.31000000,2.96000000,1987479615,1987479622,1782069101239,False,True
660015144,74.31000000,1.76100000,1987479623,1987479641,1782069101241,False,True
660015145,74.32000000,45.66400000,1987479642,1987479650,1782069102595,False,True
660015146,74.31000000,0.20200000,1987479651,1987479651,1782069102687,True,True
660015147,74.32000000,5.68300000,1987479652,1987479652,1782069103222,False,True
660015148,74.31000000,0.27600000,1987479653,1987479653,1782069105109,True,True
660015149,74.31000000,0.38100000,1987479654,1987479654,1782069105109,True,True
660015150,74.31000000,0.25000000,1987479655,1987479655,1782069105109,True,True
660015151,74.31000000,0.30200000,1987479656,1987479656,1782069105110,True,True
660015152,74.31000000,0.26300000,1987479657,1987479657,1782069105110,True,True
660015153,74.31000000,0.37300000,1987479658,1987479658,1782069108980,True,True
660015154,74.31000000,0.13900000,1987479659,1987479659,1782069111119,True,True
660015155,74.31000000,0.10000000,1987479660,1987479660,1782069112759,True,True
660015156,74.32000000,0.10100000,1987479661,1987479661,1782069116281,False,True
660015157,74.32000000,0.30200000,1987479662,1987479662,1782069118991,False,True
660015158,74.31000000,139.84300000,1987479663,1987479680,1782069120238,True,True
660015159,74.31000000,66.27600000,1987479681,1987479684,1782069120238,True,True
660015160,74.30000000,1.46400000,1987479685,1987479687,1782069120321,True,True
660015161,74.30000000,16.15000000,1987479688,1987479703,1782069120805,True,True
660015162,74.29000000,18.90300000,1987479704,1987479721,1782069120886,True,True
660015163,74.29000000,0.14400000,1987479722,1987479723,1782069120887,True,True
660015164,74.29000000,0.10100000,1987479724,1987479724,1782069121459,False,True
660015165,74.28000000,0.07500000,1987479725,1987479726,1782069123405,True,True
660015166,74.29000000,8.07400000,1987479727,1987479727,1782069123624,False,True
660015167,74.29000000,1.34300000,1987479728,1987479728,1782069124510,False,True
660015168,74.29000000,0.08000000,1987479729,1987479729,1782069125978,False,True
660015169,74.29000000,25.93500000,1987479730,1987479730,1782069127607,False,True
660015170,74.29000000,24.13100000,1987479731,1987479750,1782069127764,False,True
660015171,74.30000000,4.00000000,1987479751,1987479751,1782069127767,False,True
660015172,74.30000000,8.00000000,1987479752,1987479752,1782069127767,False,True
660015173,74.30000000,2.93000000,1987479753,1987479762,1782069127800,False,True
660015174,74.30000000,3.45000000,1987479763,1987479766,1782069127815,False,True
660015175,74.30000000,1.46400000,1987479767,1987479772,1782069127816,False,True
660015176,74.30000000,14.60400000,1987479773,1987479788,1782069127866,False,True
660015177,74.31000000,8.48100000,1987479789,1987479808,1782069127944,False,True
660015178,74.31000000,1.46400000,1987479809,1987479809,1782069127945,False,True
660015179,74.30000000,0.07500000,1987479810,1987479810,1782069128562,True,True
660015180,74.30000000,0.19000000,1987479811,1987479811,1782069130756,True,True
660015181,74.30000000,0.30000000,1987479812,1987479812,1782069136284,True,True
660015182,74.30000000,5.13100000,1987479813,1987479813,1782069137167,True,True
660015183,74.30000000,0.17400000,1987479814,1987479814,1782069138652,True,True
660015184,74.31000000,0.27000000,1987479815,1987479817,1782069141397,False,True
660015185,74.31000000,0.45800000,1987479818,1987479825,1782069141936,False,True
660015186,74.30000000,0.08200000,1987479826,1987479826,1782069142855,True,True
660015187,74.30000000,1.23100000,1987479827,1987479827,1782069142878,True,True
660015188,74.30000000,0.75300000,1987479828,1987479828,1782069145614,True,True
660015189,74.30000000,0.12900000,1987479829,1987479829,1782069146387,True,True
660015190,74.30000000,0.13400000,1987479830,1987479830,1782069147086,True,True
660015191,74.31000000,5.48000000,1987479831,1987479836,1782069147589,False,True
660015192,74.30000000,0.61900000,1987479837,1987479837,1782069149558,True,True
660015193,74.30000000,0.12100000,1987479838,1987479838,1782069150280,True,True
660015194,74.30000000,0.13400000,1987479839,1987479839,1782069154148,True,True
660015195,74.31000000,0.13900000,1987479840,1987479840,1782069155758,False,True
660015196,74.31000000,17.17800000,1987479841,1987479892,1782069156671,False,True
660015197,74.32000000,3.21100000,1987479893,1987479935,1782069156796,False,True
660015198,74.32000000,5.00000000,1987479936,1987479936,1782069159897,True,True
660015199,74.33000000,7.98100000,1987479937,1987479941,1782069161144,False,True
660015200,74.33000000,0.36000000,1987479942,1987479942,1782069161247,False,True
660015201,74.33000000,1.45100000,1987479943,1987479958,1782069161546,False,True
660015202,74.33000000,0.42800000,1987479959,1987479964,1782069161548,False,True
660015203,74.34000000,0.26100000,1987479965,1987479967,1782069169819,False,True
660015204,74.33000000,0.08300000,1987479968,1987479968,1782069169820,True,True
660015205,74.33000000,11.29100000,1987479969,1987479969,1782069170500,True,True
660015206,74.34000000,10.93200000,1987479970,1987479988,1782069175626,False,True
660015207,74.34000000,0.10100000,1987479989,1987479989,1782069176095,False,True
660015208,74.34000000,0.23800000,1987479990,1987479990,1782069176120,False,True
660015209,74.33000000,0.06700000,1987479991,1987479991,1782069177388,True,True
660015210,74.33000000,0.32500000,1987479992,1987479992,1782069178359,True,True
660015211,74.34000000,15.00000000,1987479993,1987479994,1782069180510,False,True
660015212,74.33000000,0.06700000,1987479995,1987479995,1782069180836,True,True
660015213,74.33000000,1.46400000,1987479996,1987479996,1782069183069,True,True
660015214,74.33000000,2.70600000,1987479997,1987480004,1782069183409,True,True
660015215,74.34000000,1.46400000,1987480005,1987480005,1782069185835,False,True
660015216,74.34000000,1.58400000,1987480006,1987480022,1782069186196,False,True
660015217,74.35000000,2.35500000,1987480023,1987480027,1782069186592,False,True
660015218,74.35000000,0.57900000,1987480028,1987480028,1782069187372,False,True
660015219,74.35000000,0.13600000,1987480029,1987480029,1782069189256,False,True
660015220,74.35000000,74.11400000,1987480030,1987480050,1782069189256,False,True
660015221,74.36000000,8.00000000,1987480051,1987480057,1782069189256,False,True
660015222,74.36000000,16.00000000,1987480058,1987480069,1782069189256,False,True
660015223,74.36000000,4.00000000,1987480070,1987480070,1782069189256,False,True
660015224,74.36000000,2.10400000,1987480071,1987480072,1782069189257,False,True
660015225,74.37000000,1.00000000,1987480073,1987480082,1782069189258,False,True
660015226,74.37000000,3.91400000,1987480083,1987480085,1782069189263,False,True
660015227,74.37000000,14.64100000,1987480086,1987480092,1782069189319,False,True
660015228,74.37000000,1.46400000,1987480093,1987480093,1782069189319,False,True
660015229,74.37000000,2.95000000,1987480094,1987480097,1782069189357,False,True
660015230,74.37000000,42.72400000,1987480098,1987480113,1782069190067,False,True
660015231,74.37000000,1.46000000,1987480114,1987480129,1782069190071,False,True
660015232,74.37000000,0.33500000,1987480130,1987480130,1782069190290,True,True
660015233,74.38000000,2.79300000,1987480131,1987480156,1782069191471,False,True
660015234,74.39000000,0.69000000,1987480157,1987480160,1782069194257,False,True
660015235,74.38000000,196.88600000,1987480161,1987480166,1782069196017,True,True
660015236,74.38000000,123.74100000,1987480167,1987480189,1782069196017,True,True
660015237,74.37000000,1.46400000,1987480190,1987480193,1782069196114,True,True
660015238,74.38000000,0.67200000,1987480194,1987480194,1782069196139,False,True
660015239,74.37000000,0.40300000,1987480195,1987480195,1782069199064,True,True
